{
    "epoch": 2.986666666666667,
    "eval_loss": 0.08063793927431107,
    "eval_runtime": 18.9925,
    "eval_samples_per_second": 5.265,
    "eval_steps_per_second": 5.265,
    "total_flos": 1.4462434448852582e+17,
    "train_loss": 0.15847577527165413,
    "train_runtime": 1641.4929,
    "train_samples_per_second": 1.645,
    "train_steps_per_second": 0.205
}