{
    "epoch": 2.986666666666667,
    "eval_loss": 0.29563280940055847,
    "eval_runtime": 8.6098,
    "eval_samples_per_second": 11.615,
    "eval_steps_per_second": 11.615,
    "total_flos": 5.686615536254976e+16,
    "train_loss": 0.6033176183700562,
    "train_runtime": 629.9304,
    "train_samples_per_second": 4.286,
    "train_steps_per_second": 0.133
}