{
    "epoch": 2.986666666666667,
    "eval_loss": 0.3881470859050751,
    "eval_runtime": 11.0298,
    "eval_samples_per_second": 9.066,
    "eval_steps_per_second": 9.066,
    "total_flos": 7.795218840054989e+16,
    "train_loss": 0.5526428790319533,
    "train_runtime": 865.346,
    "train_samples_per_second": 3.12,
    "train_steps_per_second": 0.097
}