{
    "epoch": 2.986666666666667,
    "eval_loss": 0.3881470859050751,
    "eval_runtime": 11.0298,
    "eval_samples_per_second": 9.066,
    "eval_steps_per_second": 9.066
}