{
    "epoch": 2.986666666666667,
    "eval_loss": 0.29563280940055847,
    "eval_runtime": 8.6098,
    "eval_samples_per_second": 11.615,
    "eval_steps_per_second": 11.615
}