{
    "epoch": 2.986666666666667,
    "eval_loss": 0.08063793927431107,
    "eval_runtime": 18.9925,
    "eval_samples_per_second": 5.265,
    "eval_steps_per_second": 5.265
}